<?xml version="1.0" encoding="UTF-8"?>
<project-private xmlns="http://www.netbeans.org/ns/project-private/1">
    <editor-bookmarks xmlns="http://www.netbeans.org/ns/editor-bookmarks/2" lastBookmarkId="0"/>
    <open-files xmlns="http://www.netbeans.org/ns/projectui-open-files/2">
        <group>
            <file>file:/D:/UniversidadHuelva/Primer%20Semestre/Algoritmica/PC2/AMC_PC2_PAZ/src/VistaUsuario/SimuladorAFD.java</file>
            <file>file:/D:/UniversidadHuelva/Primer%20Semestre/Algoritmica/PC2/AMC_PC2_PAZ/src/VistaUsuario/AppSimulador.java</file>
            <file>file:/D:/UniversidadHuelva/Primer%20Semestre/Algoritmica/PC2/AMC_PC2_PAZ/src/automatas/Proceso.java</file>
            <file>file:/D:/UniversidadHuelva/Primer%20Semestre/Algoritmica/PC2/AMC_PC2_PAZ/src/automatas/AFD.java</file>
        </group>
    </open-files>
</project-private>
